<?xml version="1.0" encoding="UTF-8"?>
<project-private xmlns="http://www.netbeans.org/ns/project-private/1">
    <editor-bookmarks xmlns="http://www.netbeans.org/ns/editor-bookmarks/2" lastBookmarkId="0"/>
    <open-files xmlns="http://www.netbeans.org/ns/projectui-open-files/2">
        <group>
            <file>file:/G:/Sources/Xampp/htdocs/qubikal/application/controllers/Home.php</file>
            <file>file:/G:/Sources/Xampp/htdocs/qubikal/application/views/gallery/large_item.php</file>
            <file>file:/G:/Sources/Xampp/htdocs/qubikal/application/views/gallery/small_item.php</file>
            <file>file:/G:/Sources/Xampp/htdocs/qubikal/application/libraries/ConfigUtil.php</file>
        </group>
    </open-files>
</project-private>
